,timestamp,dataset,channel,window,sensor_height_m,reference_height_m,wind_profile_alpha,wind_mean_roof_m_s,wind_median_roof_m_s,wind_max_raw_roof_m_s,wind_std_roof_m_s,wind_3s_gust_roof_m_s,wind_mean_10m_m_s,wind_median_10m_m_s,wind_max_raw_10m_m_s,wind_std_10m_m_s,wind_3s_gust_10m_m_s,wind_mean_roof_mph,wind_3s_gust_roof_mph,wind_max_raw_roof_mph,wind_mean_10m_mph,wind_3s_gust_10m_mph,wind_max_raw_10m_mph,n_samples
1,12/27/2025 0:00,27.12.2025,31S4S,30min,118,10,0.14,2.40789254,2.384203,6.311963,1.137516817,5.28315612,1.70440822,1.687639762,4.467874478,0.805182533,3.739641438,5.38630221,11.81808366,14.11945911,3.812652605,8.365339653,9.994350568,135780
2,12/27/2025 0:30,27.12.2025,31S4S,30min,118,10,0.14,2.490974526,2.548624,5.575175,0.972587186,4.395793667,1.763217165,1.804023903,3.946344757,0.688438362,3.111528749,5.572151319,9.833110385,12.47131129,3.944204468,6.960291581,8.827721809,180000
3,12/27/2025 1:00,27.12.2025,31S4S,30min,118,10,0.14,2.746897409,2.7693135,5.49086,0.929764773,5.373016437,1.94437021,1.960237268,3.886663033,0.658126845,3.803248373,6.144634504,12.01909546,12.28270401,4.349432289,8.507624312,8.694217593,180000
4,12/27/2025 1:30,27.12.2025,31S4S,30min,118,10,0.14,2.042180691,1.961534,4.678529,0.924495168,4.441113637,1.4455419,1.38845676,3.31166078,0.654396796,3.143608141,4.568228103,9.934488271,10.46557131,3.233585138,7.032051138,7.407974186,180000
5,12/27/2025 2:00,27.12.2025,31S4S,30min,118,10,0.14,1.083649438,1.075976,2.848835,0.514360134,2.45072503,0.767052923,0.761621339,2.016525951,0.364085866,1.734726869,2.424054755,5.482115761,6.372662402,1.71584852,3.880473491,4.510840083,180000
6,12/27/2025 2:30,27.12.2025,31S4S,30min,118,10,0.14,1.461425627,1.479314,3.784793,0.675095154,3.51715528,1.034458894,1.047121041,2.679036624,0.477860914,2.489591322,3.269116023,7.867652291,8.46634082,2.314018642,5.569057181,5.992834253,180000
7,12/27/2025 3:00,27.12.2025,31S4S,30min,118,10,0.14,1.284069803,1.2643635,3.129094,0.570595665,2.836629883,0.908918937,0.894969982,2.214905129,0.403891755,2.007886653,2.872382343,6.345360333,6.99958393,2.033193756,4.491514524,4.954601666,180000
8,12/27/2025 3:30,27.12.2025,31S4S,30min,118,10,0.14,0.832534893,0.803802,2.510722,0.470373142,2.289940857,0.589303423,0.568965065,1.777195263,0.332950012,1.620917028,1.862327516,5.122451809,5.616325161,1.318234213,3.625888127,3.975472582,180000
9,12/27/2025 4:00,27.12.2025,31S4S,30min,118,10,0.14,0.86683356,0.82049995,2.721204,0.467228868,2.292100537,0.613581471,0.580784581,1.926183329,0.330724362,1.622445741,1.93905145,5.127282876,6.087159986,1.37254266,3.629307761,4.308749393,180000
10,12/27/2025 4:30,27.12.2025,31S4S,30min,118,10,0.14,0.682211599,0.6703109,1.942305,0.332111903,1.544252953,0.482898235,0.474474417,1.37484566,0.235082857,1.09308758,1.526063885,3.454395475,4.344812545,1.080212588,2.445167277,3.075442153,180000
11,12/27/2025 5:00,27.12.2025,31S4S,30min,118,10,0.14,0.675106021,0.666454,1.831696,0.341284112,1.7710476,0.477868606,0.47174434,1.29655193,0.241575335,1.253622426,1.510169159,3.961720651,4.097387258,1.068961628,2.804273502,2.900304067,180000
12,12/27/2025 5:30,27.12.2025,31S4S,30min,118,10,0.14,0.646838274,0.6316487,1.899563,0.339771799,1.612881037,0.457859499,0.447107676,1.344591064,0.240504855,1.141665441,1.44693601,3.607912126,4.249201414,1.024202529,2.553832858,3.007764549,180000
13,12/27/2025 6:00,27.12.2025,31S4S,30min,118,10,0.14,0.529648061,0.49100935,1.897171,0.334595793,1.702696403,0.374907307,0.347557193,1.342897905,0.23684106,1.205240557,1.184788969,3.808823379,4.243850662,0.838643762,2.696046343,3.003977061,180000
14,12/27/2025 6:30,27.12.2025,31S4S,30min,118,10,0.14,0.683588031,0.66805795,1.845752,0.366323618,1.59010864,0.483872532,0.472879683,1.306501362,0.259299356,1.125546175,1.529142875,3.556971725,4.128829635,1.082392027,2.517775087,2.922560311,180000
15,12/27/2025 7:00,27.12.2025,31S4S,30min,118,10,0.14,0.824365558,0.8016139,2.065431,0.416779637,1.838878203,0.583520822,0.567416236,1.461999453,0.295014262,1.301635797,1.844053236,4.11345339,4.620237563,1.305298904,2.911676354,3.270399635,180000
16,12/27/2025 7:30,27.12.2025,31S4S,30min,118,10,0.14,0.930284719,0.91154605,2.778075,0.435562103,2.452100987,0.658494886,0.645230863,1.966439029,0.308309285,1.73570083,2.08098765,5.485193689,6.21437679,1.473011108,3.882652178,4.398798829,180000
17,12/27/2025 8:00,27.12.2025,31S4S,30min,118,10,0.14,0.948992204,0.9464533,3.518034,0.485109069,2.951296633,0.671736835,0.669939691,2.490213317,0.343380725,2.08905263,2.122835103,6.601862548,7.869617931,1.502632505,4.673077644,5.570448545,180000
18,12/27/2025 8:30,27.12.2025,31S4S,30min,118,10,0.14,1.140199477,1.130975,2.917556,0.545446999,2.634299347,0.807081433,0.800551958,2.065169582,0.386090464,1.864668538,2.550553591,5.892759813,6.526386901,1.805389749,4.171144725,4.619652787,180000
19,12/27/2025 9:00,27.12.2025,31S4S,30min,118,10,0.14,1.437430901,1.4711555,3.118469,0.579083583,2.906232897,1.017474411,1.041346109,2.207384304,0.409899862,2.05715461,3.21544135,6.50105784,6.975816482,2.276025437,4.601723806,4.937778061,180000
20,12/27/2025 9:30,27.12.2025,31S4S,30min,118,10,0.14,1.276380795,1.270622,3.188617,0.675983835,2.884369207,0.903476332,0.899400013,2.257038027,0.47848996,2.041678566,2.855182523,6.452150158,7.132733089,2.021018996,4.56710488,5.048850275,180000
21,12/27/2025 10:00,27.12.2025,31S4S,30min,118,10,0.14,0.991408247,0.9415579,3.153404,0.525516362,2.430070833,0.701760705,0.66647452,2.232112775,0.371982716,1.720106955,2.217717088,5.435913639,7.053963851,1.569793989,3.847769674,4.993094075,180000
22,12/27/2025 10:30,27.12.2025,31S4S,30min,118,10,0.14,0.765661384,0.7281187,2.391695,0.431028028,1.97790733,0.541967523,0.515393223,1.692942916,0.305099876,1.400046496,1.712735737,4.424452689,5.350069345,1.212346822,3.131814817,3.78700545,180000
23,12/27/2025 11:00,27.12.2025,31S4S,30min,118,10,0.14,0.62485165,0.5383589,2.28791,0.426868796,1.762325903,0.442296436,0.381073208,1.619479502,0.302155795,1.24744884,1.397753334,3.942210772,5.117908912,0.98938895,2.790463584,3.622672473,180000
24,12/27/2025 11:30,27.12.2025,31S4S,30min,118,10,0.14,0.720858659,0.6622818,2.215592,0.416149476,1.840760303,0.510254259,0.46879108,1.568289762,0.294568207,1.302968027,1.612514896,4.117663527,4.956138153,1.141406271,2.914656468,3.508164285,180000
25,12/27/2025 12:00,27.12.2025,31S4S,30min,118,10,0.14,0.918024416,0.8790495,2.540558,0.483642791,2.112635437,0.649816524,0.62222843,1.798314446,0.342342831,1.49541275,2.053562133,4.72583088,5.683066392,1.453598166,3.345143052,4.02271485,180000
26,12/27/2025 12:30,27.12.2025,31S4S,30min,118,10,0.14,0.624033877,0.5813972,2.030514,0.377748708,1.707532967,0.441717582,0.411537538,1.437283723,0.267386519,1.208664082,1.395924027,3.819642463,4.542130458,0.98809409,2.703704549,3.215112121,180000
27,12/27/2025 13:00,27.12.2025,31S4S,30min,118,10,0.14,0.585522395,0.5676197,1.903995,0.348659794,1.628687567,0.414457526,0.40178524,1.347728221,0.246796154,1.152853971,1.309776296,3.643270326,4.259115515,0.92711508,2.578860888,3.01478217,180000
28,12/27/2025 13:30,27.12.2025,31S4S,30min,118,10,0.14,0.506104555,0.4697869,1.695461,0.319842826,1.412827747,0.358242218,0.332535045,1.200119033,0.226398285,1.000059258,1.132123648,3.160405661,3.792638243,0.801365019,2.237068847,2.684589819,180000
29,12/27/2025 14:00,27.12.2025,31S4S,30min,118,10,0.14,0.427192331,0.3921103,1.567236,0.309963378,1.29744078,0.302384807,0.277552261,1.109355952,0.219405194,0.91838348,0.955602028,2.902292368,3.505807087,0.676415548,2.054365337,2.481558591,180000
30,12/27/2025 14:30,27.12.2025,31S4S,30min,118,10,0.14,0.623938674,0.5913177,2.108228,0.41162132,1.795380963,0.441650193,0.418559687,1.49229298,0.291362987,1.270846611,1.395711063,4.016152835,4.715971725,0.987943345,2.842802905,3.338164325,180000
31,12/27/2025 15:00,27.12.2025,31S4S,30min,118,10,0.14,0.772203919,0.75474645,2.235767,0.417670878,1.863624627,0.546598607,0.534241472,1.582570481,0.29564512,1.319152363,1.727370971,4.168809562,5.001268343,1.22270626,2.950859795,3.540109343,180000
32,12/27/2025 15:30,27.12.2025,31S4S,30min,118,10,0.14,0.510591629,0.4725684,1.898692,0.320738412,1.819998277,0.361418359,0.334503908,1.343974534,0.227032219,1.288271787,1.142160946,4.071220197,4.247253042,0.808469844,2.881781913,3.00638541,180000
33,12/27/2025 16:00,27.12.2025,31S4S,30min,118,10,0.14,0.513741391,0.4630743,1.975701,0.34603257,1.696123627,0.363647894,0.327783583,1.398484762,0.244936494,1.200588068,1.149206763,3.794120496,4.419517269,0.813457171,2.685639021,3.128321318,180000
34,12/27/2025 16:30,27.12.2025,31S4S,30min,118,10,0.14,0.602156468,0.5523218,2.191968,0.365974324,1.908913763,0.426231826,0.390956739,1.551567695,0.259052112,1.35120993,1.346985657,4.270118476,4.90329277,0.953453441,3.022570531,3.470758087,180000
35,12/27/2025 17:00,27.12.2025,31S4S,30min,118,10,0.14,0.467210667,0.4472572,1.459353,0.288793715,1.16041618,0.330711479,0.31658757,1.0329918,0.20442041,0.821391671,1.045120498,2.595777067,3.264479689,0.739780509,1.837400838,2.310736848,180000
36,12/27/2025 17:30,27.12.2025,31S4S,30min,118,10,0.14,0.462834803,0.427787,1.61873,0.299475502,1.286576255,0.327614057,0.302805739,1.145805584,0.211981431,0.91069311,1.035331969,2.877989117,3.620995884,0.732851774,2.037162468,2.563094095,180000
37,12/27/2025 18:00,27.12.2025,31S4S,30min,118,10,0.14,0.42675392,0.3958745,1.693588,0.289126645,1.477148803,0.302074481,0.280216721,1.198793244,0.204656073,1.045588423,0.954621331,3.304287767,3.788448461,0.675721369,2.33891469,2.681624114,180000
38,12/27/2025 18:30,27.12.2025,31S4S,30min,118,10,0.14,0.488925953,0.4478135,1.891108,0.335871925,1.71685143,0.346082476,0.316981343,1.338606257,0.23774436,1.215260084,1.093696207,3.840487272,4.230288117,0.774164451,2.718459387,2.994376918,180000
39,12/27/2025 19:00,27.12.2025,31S4S,30min,118,10,0.14,0.434012975,0.4022904,1.769336,0.283564809,1.567895117,0.307212747,0.284758167,1.252410884,0.20071917,1.109822503,0.970859374,3.507281489,3.957891911,0.687215343,2.482602235,2.801563358,180000
40,12/27/2025 19:30,27.12.2025,31S4S,30min,118,10,0.14,0.411174346,0.3925646,1.421451,0.270770892,1.362841257,0.2910466,0.277873834,1.006163161,0.191663094,0.964676705,0.919770818,3.048589067,3.179695329,0.651052702,2.157920331,2.250722891,180000
41,12/27/2025 20:00,27.12.2025,31S4S,30min,118,10,0.14,0.647027553,0.5874051,2.542171,0.414633257,2.153129403,0.457993478,0.415790184,1.799456196,0.293494963,1.524076093,1.447359415,4.816413304,5.686674571,1.024502233,3.409261125,4.025268871,180000
42,12/27/2025 20:30,27.12.2025,31S4S,30min,118,10,0.14,0.819338266,0.755312,2.720091,0.522212339,2.51292465,0.579962292,0.534641792,1.9253955,0.369643989,1.778754392,1.832807503,5.621252349,6.084670276,1.297338699,3.978960254,4.306987071,180000
43,12/27/2025 21:00,27.12.2025,31S4S,30min,118,10,0.14,0.690100837,0.612568,2.703514,0.467569164,2.42077639,0.488482572,0.433601549,1.913661598,0.330965238,1.713527955,1.543711609,5.415122562,6.047588583,1.092704393,3.833052869,4.280739079,180000
44,12/27/2025 21:30,27.12.2025,31S4S,30min,118,10,0.14,0.524689135,0.4740518,2.306619,0.359561651,1.81786131,0.37139717,0.335553922,1.632722524,0.25451295,1.286759151,1.173696168,4.066439938,5.159759753,0.830791808,2.878398244,3.652296269,180000
45,12/27/2025 22:00,27.12.2025,31S4S,30min,118,10,0.14,0.404755599,0.3423409,1.757524,0.31783769,1.58137674,0.286503139,0.242323374,1.24404985,0.224978965,1.119365367,0.905412489,3.537439021,3.93146922,0.640889269,2.503949012,2.782860259,180000
46,12/27/2025 22:30,27.12.2025,31S4S,30min,118,10,0.14,0.513365022,0.4586611,2.058088,0.372829491,1.752458447,0.363381484,0.324659733,1.456801767,0.263904489,1.240464237,1.148364848,3.9201379,4.603811739,0.812861228,2.774839471,3.258772742,180000
47,12/27/2025 23:00,27.12.2025,31S4S,30min,118,10,0.14,0.331830571,0.2607517,1.829007,0.278483236,1.65896268,0.234883718,0.184571086,1.294648542,0.197122217,1.174283978,0.742283846,3.710993826,4.091372137,0.525419913,2.626798447,2.896046309,180000
48,12/27/2025 23:30,27.12.2025,31S4S,30min,118,10,0.14,0.446191942,0.3973765,1.806978,0.316873586,1.56251822,0.315833535,0.2812799,1.279055484,0.224296531,1.106016508,0.998102948,3.495253713,4.042094667,0.706499497,2.474088467,2.861165631,180000
49,12/28/2025 0:00,27.12.2025,31S4S,30min,118,10,0.14,0.484228968,0.423244,2.23191,0.361604264,1.9968255,0.342757752,0.299590011,1.579840333,0.255958798,1.413437577,1.083189351,4.46677143,4.99264048,0.766727254,3.161769812,3.534002176,180000
50,12/28/2025 0:30,27.12.2025,31S4S,30min,118,10,0.14,0.660877063,0.5858846,3.397411,0.450795875,2.87553209,0.467796748,0.414713909,2.404831254,0.319092394,2.03542328,1.478339887,6.432382091,7.599791965,1.046431522,4.553112206,5.379454309,180000
51,12/28/2025 1:00,27.12.2025,31S4S,30min,118,10,0.14,1.040363648,0.9410573,3.50943,0.654630184,2.967603947,0.736413409,0.666120174,2.484123042,0.463374942,2.100595636,2.327227202,6.638340969,7.850371331,1.647309881,4.698898614,5.556824987,180000
52,12/28/2025 1:30,27.12.2025,31S4S,30min,118,10,0.14,1.081373241,0.97768895,4.056318,0.682182743,3.6933132,0.765441734,0.692049606,2.871233508,0.482877809,2.614283351,2.418963048,8.261706335,9.073724946,1.712244395,5.847985307,6.422766437,180000
53,12/28/2025 2:00,27.12.2025,31S4S,30min,118,10,0.14,1.956882332,1.864499,5.660232,0.919101249,5.03624009,1.385164112,1.319771281,4.006551701,0.650578753,3.564863825,4.377421107,11.26574823,12.66157838,3.098523873,7.974373266,8.962400905,180000
54,12/28/2025 2:30,27.12.2025,31S4S,30min,118,10,0.14,1.905743923,1.808879,5.611112,0.952007179,5.150429573,1.348966183,1.280401092,3.971782486,0.673870962,3.645691973,4.263027745,11.52118283,12.55170007,3.017551412,8.155180684,8.884624388,180000
55,12/28/2025 3:00,27.12.2025,31S4S,30min,118,10,0.14,1.925585702,1.863164,5.423512,0.871831726,4.285985907,1.363011034,1.318826312,3.838991269,0.617119384,3.03380217,4.307412541,9.587477422,12.13205082,3.048968848,6.786422177,8.587578894,180000
56,12/28/2025 3:30,27.12.2025,31S4S,30min,118,10,0.14,2.779423371,2.798028,5.83461,0.697519656,5.58110066,1.967393463,1.980562606,4.129983827,0.493733925,3.95053919,6.21739301,12.48456662,13.05165086,4.400933838,8.837104488,9.238510709,179995
57,12/28/2025 4:00,27.12.2025,31S4S,30min,118,10,0.14,3.286459187,3.265691,6.6961,0.888375263,5.808976563,2.326294867,2.311594265,4.7397829,0.6288296,4.111839396,7.351599828,12.99431049,14.97874911,5.203773413,9.197922773,10.60259239,180000
58,12/28/2025 4:30,27.12.2025,31S4S,30min,118,10,0.14,3.131651659,3.070285,6.94504,1.117872549,6.055845423,2.216715548,2.17327763,4.915993165,0.791277489,4.286583621,7.00530525,13.54654041,15.53561203,4.958651459,9.58881447,10.99676352,180000
59,12/28/2025 5:00,27.12.2025,31S4S,30min,118,10,0.14,2.992001589,2.878476,8.046884,1.184457481,7.13376939,2.11786532,2.037507105,5.695924968,0.838409121,5.049583812,6.692916941,15.95778765,18.00036686,4.737529796,11.29559729,12.74142128,180000
60,12/28/2025 5:30,27.12.2025,31S4S,30min,118,10,0.14,2.830355179,2.7187285,7.140965,1.203384412,6.89996512,2.003445151,1.924431065,5.05467717,0.851806403,4.884087258,6.33132422,15.43478239,15.97388377,4.481579168,10.92539204,11.30699081,180000
61,12/28/2025 6:00,27.12.2025,31S4S,30min,118,10,0.14,2.491753626,2.422977,6.784513,1.151873721,6.463899547,1.763768646,1.71508564,4.802365362,0.815344957,4.575421594,5.573894117,14.45933148,15.17652335,3.945438094,10.23492662,10.74258537,180000
62,12/28/2025 6:30,27.12.2025,31S4S,30min,118,10,0.14,2.552350242,2.4722175,6.817352,1.212428145,6.292818583,1.806661495,1.749940149,4.825610196,0.858207941,4.45432325,5.709444887,14.07663427,15.2499821,4.041386665,9.964037334,10.79458258,180000
63,12/28/2025 7:00,27.12.2025,31S4S,30min,118,10,0.14,2.807575587,2.6963745,7.924833,1.248483738,7.533589843,1.987320792,1.908607958,5.609532106,0.883729615,5.332593646,6.280367722,16.85216053,17.72734655,4.445510004,11.92867226,12.54816595,180000
64,12/28/2025 7:30,27.12.2025,31S4S,30min,118,10,0.14,3.073701492,2.922766,9.656805,1.465717299,9.309320493,2.175695968,2.068857441,6.83549517,1.037496721,6.589530934,6.875674419,20.82435687,21.60165757,4.866893272,14.74036089,15.29056722,180000
65,12/28/2025 8:00,27.12.2025,31S4S,30min,118,10,0.14,3.077965698,2.933429,8.547359,1.465721686,7.38575981,2.178714353,2.076405163,6.050182349,1.037499826,5.227953294,6.885213175,16.52147416,19.11989755,4.873645207,11.69459846,13.53387247,180000
66,12/28/2025 8:30,27.12.2025,31S4S,30min,118,10,0.14,2.844511081,2.7577525,8.144382,1.339032174,6.741605513,2.013465298,1.952053903,5.764938178,0.947823629,4.771993628,6.362990069,15.08054204,18.21846367,4.503993597,10.67464573,12.89579943,180000
67,12/28/2025 9:00,27.12.2025,31S4S,30min,118,10,0.14,2.91409269,2.766226,8.252618,1.392009481,7.582696463,2.062718105,1.958051805,5.841552198,0.985323208,5.36735339,6.518639697,16.96200891,18.46058071,4.614168989,12.00642759,13.06718011,180000
68,12/28/2025 9:30,27.12.2025,31S4S,30min,118,10,0.14,2.72419637,2.6246225,9.56778,1.329374999,7.6503586,1.928301455,1.857818856,6.772479508,0.940987872,5.415247513,6.093853727,17.1133648,21.40251432,4.313487506,12.11356369,15.1496052,180000
69,12/28/2025 10:00,27.12.2025,31S4S,30min,118,10,0.14,2.788695677,2.6671415,8.054764,1.389395614,7.013947187,1.973956793,1.887915604,5.701502766,0.983473003,4.964768587,6.238134567,15.68975301,18.01799392,4.415615589,11.10587103,12.75389846,180000
70,12/28/2025 10:30,27.12.2025,31S4S,30min,118,10,0.14,2.58896629,2.553603,7.237129,1.263636596,6.354120683,1.832579882,1.807548249,5.122746118,0.894455449,4.49771547,5.791352653,14.21376316,16.18899651,4.099364447,10.06110297,11.45925671,180000
71,12/28/2025 11:00,27.12.2025,31S4S,30min,118,10,0.14,2.824029557,2.713119,9.413688,1.407723954,8.44461518,1.998967608,1.920460423,6.663406671,0.996446577,5.977455926,6.317174206,18.89006617,21.05782033,4.47156319,13.3711881,14.90561621,180000
72,12/28/2025 11:30,27.12.2025,31S4S,30min,118,10,0.14,2.642704619,2.5684375,6.486415,1.222073696,5.830859333,1.870618145,1.818048736,4.591358985,0.865035469,4.127328947,5.911561871,13.04326086,14.50969712,4.184453617,9.23257191,10.27057754,180000
73,12/28/2025 12:00,27.12.2025,31S4S,30min,118,10,0.14,2.565444021,2.4877285,6.949286,1.07836073,5.96566646,1.815929825,1.760919491,4.918998663,0.763309351,4.222751135,5.738734836,13.34481581,15.54511006,4.06211933,9.446025266,11.00348663,180000
74,12/28/2025 12:30,27.12.2025,31S4S,30min,118,10,0.14,2.808004865,2.7555735,6.933914,1.141238411,6.420570447,1.987624654,1.950511515,4.908117711,0.807816834,4.544751424,6.281327991,14.36240705,15.51072387,4.446189723,10.1663194,10.97914663,180000
75,12/28/2025 13:00,27.12.2025,31S4S,30min,118,10,0.14,2.942417901,2.821522,9.262711,1.29521562,7.11363077,2.082767887,1.997192654,6.556538762,0.916808418,5.035328845,6.582001389,15.91273884,20.7200944,4.659019075,11.26370984,14.66655951,180000
76,12/28/2025 13:30,27.12.2025,31S4S,30min,118,10,0.14,3.009855144,2.931741,8.153709,1.362393419,7.946313093,2.130502822,2.075210325,5.771540223,0.964359706,5.624736625,6.732854206,17.77539615,18.23932758,4.765799082,12.58217749,12.91056779,180000
77,12/28/2025 14:00,27.12.2025,31S4S,30min,118,10,0.14,3.254199205,3.0789905,9.99414,1.466896249,8.518007247,2.303459886,2.179439752,7.074275156,1.038331231,6.029405936,7.279436303,19.05423955,22.35625447,5.152693017,13.48739696,15.82470284,180000
78,12/28/2025 14:30,27.12.2025,31S4S,30min,118,10,0.14,3.50640585,3.359157,9.745107,1.59355357,9.387876643,2.481982421,2.377753455,6.897999062,1.127984642,6.6451363,7.8436065,21.00008197,21.79918352,5.552036553,14.86474656,15.43038444,180000
79,12/28/2025 15:00,27.12.2025,31S4S,30min,118,10,0.14,3.200498981,3.0641385,8.332019,1.353661164,7.332005157,2.265448596,2.168926878,5.897755586,0.958178647,5.189903476,7.159312323,16.40122843,18.63819569,5.067664181,11.60948344,13.19290351,180000
80,12/28/2025 15:30,27.12.2025,31S4S,30min,118,10,0.14,3.243804613,3.08639,12.73893,1.444288382,9.02053951,2.296102155,2.184677431,9.017153653,1.022328427,6.385119535,7.256184264,20.1783722,28.49617484,5.13623424,14.28310562,20.17079826,180000
81,12/28/2025 16:00,27.12.2025,31S4S,30min,118,10,0.14,3.909815686,3.7604555,13.80673,1.874283774,11.12537323,2.767532972,2.661809512,9.772987673,1.326697359,7.875009902,8.746008603,24.88675115,30.88477541,6.190794943,17.61589545,21.86155081,180000
82,12/28/2025 16:30,27.12.2025,31S4S,30min,118,10,0.14,4.19195402,4.051423,15.81922,2.072540455,13.309732,2.967242422,2.86776862,11.19751325,1.467031826,9.42119146,9.377134083,29.77302255,35.38658733,6.637532261,21.07460509,25.04812376,180000
83,12/28/2025 17:00,27.12.2025,31S4S,30min,118,10,0.14,5.054357699,4.9697745,13.74984,2.296860433,12.86601263,3.577688235,3.517816668,9.732718524,1.625814997,9.107108118,11.30627617,28.78045059,30.75751611,8.003060654,20.37202067,21.77147129,180000
84,12/28/2025 17:30,27.12.2025,31S4S,30min,118,10,0.14,5.362897347,5.0626005,18.60084,2.701057475,14.9268613,3.796085652,3.583522839,13.16646158,1.911922766,10.565864,11.99645971,33.39043777,41.60889406,8.491601764,23.63516464,29.45253574,180000
85,12/28/2025 18:00,27.12.2025,31S4S,30min,118,10,0.14,5.303209816,5.0443915,13.76378,2.483618053,12.16754653,3.753836293,3.570633738,9.742585846,1.758009943,8.61270426,11.8629425,27.21802643,30.788699,8.397092639,19.26607073,21.79354386,180000
86,12/28/2025 18:30,27.12.2025,31S4S,30min,118,10,0.14,6.038489467,5.902673,14.2966,2.74790914,13.39353077,4.27429834,4.178161699,10.11973839,1.945086357,9.480507773,13.50771624,29.96047505,31.98058339,9.56133308,21.2072919,22.63721006,180000
87,12/28/2025 19:00,27.12.2025,31S4S,30min,118,10,0.14,5.829770961,5.645379,16.97842,2.890460284,15.87208113,4.126558551,3.996038119,12.01804405,2.045990088,11.23493059,13.04082624,35.50483432,37.97964388,9.230848584,25.13182398,26.8835989,180000
88,12/28/2025 19:30,27.12.2025,31S4S,30min,118,10,0.14,5.446436825,5.2464175,16.12138,2.675742118,15.14625303,3.85521843,3.713636289,11.41139488,1.894003485,10.72115875,12.1833322,33.8812031,36.0625,8.62387802,23.98254911,25.52656335,180000
89,12/28/2025 20:00,27.12.2025,31S4S,30min,118,10,0.14,5.876575498,5.788698,14.76596,2.694909697,13.63894397,4.159688783,4.097485371,10.45197125,1.907571109,9.65422162,13.14552501,30.50944874,33.03051181,9.304958802,21.59587871,23.38039382,180000
90,12/28/2025 20:30,27.12.2025,31S4S,30min,118,10,0.14,5.344575437,5.189314,14.17429,2.589463851,13.21077973,3.78311663,3.673216015,10.03316219,1.832932077,9.351148859,11.95547476,29.55167263,31.70698372,8.462590886,20.91792426,22.44354463,180000
91,12/28/2025 21:00,27.12.2025,31S4S,30min,118,10,0.14,5.661083219,5.575639,15.38973,2.613949086,13.75537027,4.00715423,3.946673196,10.89350205,1.850263762,9.736633081,12.66348251,30.76988696,34.42584556,8.963748725,21.7802279,24.36807009,180000
92,12/28/2025 21:30,27.12.2025,31S4S,30min,118,10,0.14,4.872865405,4.8341875,14.43712,2.253419621,11.78389353,3.44922031,3.421842453,10.21920439,1.595065753,8.341138429,10.90028947,26.35981909,32.29491768,7.715686092,18.65859527,22.85970917,180000
93,12/28/2025 22:00,27.12.2025,31S4S,30min,118,10,0.14,4.394641171,4.325303,12.07414,2.123937247,10.98849253,3.110712963,3.061632472,8.546587163,1.50341265,7.778119951,9.830532325,24.58055774,27.00908196,6.958466721,17.3991588,19.118171,180000
94,12/28/2025 22:30,27.12.2025,31S4S,30min,118,10,0.14,4.856313817,4.7020505,14.90399,2.29107625,11.85700976,3.437504396,3.328310293,10.54967473,1.621720708,8.392893192,10.86326462,26.52337545,33.33927613,7.689478337,18.77436738,23.59895027,180000
95,12/28/2025 23:00,27.12.2025,31S4S,30min,118,10,0.14,5.612190011,5.578569,15.67753,2.598858973,13.46004113,3.972545548,3.948747174,11.09721907,1.839582342,9.527586625,12.55411151,30.1092545,35.06963583,8.886331309,21.3126043,24.82377208,180000
96,12/28/2025 23:30,27.12.2025,31S4S,30min,118,10,0.14,5.027527241,4.8459625,14.71305,2.446084639,12.32561923,3.558696502,3.430177296,10.41451932,1.731442204,8.724594805,11.24625814,27.57162499,32.91215551,7.960577357,19.51636275,23.29661622,180000
97,12/29/2025 0:00,27.12.2025,31S4S,30min,118,10,0.14,5.015629421,4.9200515,15.77748,2.442877518,14.23668133,3.550274722,3.482620625,11.16796791,1.729172068,10.07732542,11.21964348,31.84654915,35.29321761,7.941738372,22.54233496,24.98203272,180000
98,12/29/2025 0:30,27.12.2025,31S4S,30min,118,10,0.14,5.466132847,5.380474,15.3891,2.589955924,12.7574419,3.869160108,3.808527151,10.89305611,1.833280387,9.030257159,12.22739094,28.53758478,34.42443629,8.655064664,20.20010997,24.36707255,180000
99,12/29/2025 1:00,27.12.2025,31S4S,30min,118,10,0.14,5.128471449,5.11224,12.88015,2.320153131,11.07522691,3.630149083,3.618659777,9.117115144,1.642302554,7.839514213,11.47206391,24.77457702,28.81207498,8.12041223,17.53649385,20.39440575,180000
100,12/29/2025 1:30,27.12.2025,31S4S,30min,118,10,0.14,5.61587129,5.4884495,14.85009,2.629311504,12.82654443,3.975151313,3.884956779,10.51152203,1.861137932,9.079170856,12.5623463,28.69216274,33.21870526,8.892160239,20.30952679,23.51360511,180000
101,12/29/2025 2:00,27.12.2025,31S4S,30min,118,10,0.14,5.385181883,5.27642,18.83639,2.606892357,14.47600467,3.811859591,3.734873328,13.33319383,1.845268711,10.2467286,12.04630879,32.38190021,42.1358044,8.526887058,22.92127909,29.82550517,180000
102,12/29/2025 2:30,27.12.2025,31S4S,30min,118,10,0.14,4.196575687,3.846393,13.74856,2.501155463,13.1417126,2.970513833,2.722639711,9.731812486,1.770423664,9.30226022,9.387472456,29.39717385,30.75465283,6.644850199,20.80856348,21.76944454,180000
103,12/29/2025 3:00,27.12.2025,31S4S,30min,118,10,0.14,3.017523191,2.792539,11.09224,1.695922462,9.28173128,2.13593059,1.97667726,7.851556798,1.200445675,6.570002121,6.750007139,20.76264155,24.81263422,4.777940654,14.69667618,17.56343235,180000
104,12/29/2025 3:30,27.12.2025,31S4S,30min,118,10,0.14,3.853000631,3.4415435,14.63096,2.331387265,12.32737273,2.727316871,2.436070105,10.35641254,1.65025455,8.725836006,8.618916944,27.57554745,32.72852541,6.10083409,19.51913924,23.16663507,180000
105,12/29/2025 4:00,27.12.2025,31S4S,30min,118,10,0.14,3.13968385,2.8845675,12.46759,1.946915179,10.00716626,2.222401073,2.041818926,8.825087721,1.37810894,7.083495694,7.023272749,22.38539339,27.88920455,4.971369615,15.84532859,19.741159,180000
106,12/29/2025 4:30,27.12.2025,31S4S,30min,118,10,0.14,3.004663842,2.7059705,12.18368,1.806073269,8.966163753,2.126828198,1.915400413,8.62412421,1.278415077,6.346630074,6.721241594,20.0567371,27.25411596,4.757579184,14.19700714,19.29161643,180000
107,12/29/2025 5:00,27.12.2025,31S4S,30min,118,10,0.14,3.432568229,3.201551,10.15691,1.963264956,9.492719107,2.429717028,2.266193259,7.189490649,1.389682004,6.719348232,7.678436446,21.23460788,22.72036059,5.4351222,15.03075392,16.08243255,180000
108,12/29/2025 5:30,27.12.2025,31S4S,30min,118,10,0.14,2.885189015,2.615935,10.69338,1.763109741,10.26444574,2.042258861,1.851669476,7.569226814,1.248003674,7.265608993,6.453984017,22.96091119,23.92040981,4.568402963,16.25270444,16.93187816,180000
109,12/29/2025 6:00,27.12.2025,31S4S,30min,118,10,0.14,3.447496272,3.195367,11.82569,1.918257448,11.00890695,2.440283729,2.261815962,8.370723741,1.357823786,7.792570139,7.711829528,24.62622349,26.45331514,5.458759236,17.43148295,18.72477573,180000
110,12/29/2025 6:30,27.12.2025,31S4S,30min,118,10,0.14,3.880450328,3.656068,12.09552,2.190150869,11.21594577,2.746746929,2.587919623,8.561720832,1.550281453,7.939120974,8.680320168,25.08935614,27.05690766,6.14429789,17.75930783,19.15202405,180000
111,12/29/2025 7:00,27.12.2025,31S4S,30min,118,10,0.14,3.576544657,3.172809,14.63738,2.371248509,13.7319418,2.531629636,2.245848456,10.36095689,1.678470025,9.720049421,8.000502543,30.71747897,32.74288654,5.663094211,21.74313131,23.17680049,180000
112,12/29/2025 7:30,27.12.2025,31S4S,30min,118,10,0.14,4.381864936,4.2080185,12.29497,2.267021373,10.58132263,3.101669404,2.978613541,8.702899981,1.604693648,7.489907866,9.801952702,23.66974461,27.5030646,6.938236855,16.75444673,19.46783281,180000
113,12/29/2025 8:00,27.12.2025,31S4S,30min,118,10,0.14,2.573115494,2.420195,8.465733,1.399477998,7.03357299,1.821360018,1.713116422,5.992404013,0.990609741,4.978660561,5.755895432,15.73365468,18.93730539,4.074266325,11.1369465,13.40462601,180000
114,12/29/2025 8:30,27.12.2025,31S4S,30min,118,10,0.14,2.939007687,2.627293,12.62387,1.900988663,10.08628575,2.080353994,1.859709149,8.935709317,1.345600209,7.139499817,6.574372958,22.56237865,28.23879295,4.653619349,15.97060625,19.98861247,180000
115,12/29/2025 9:00,27.12.2025,31S4S,30min,118,10,0.14,2.774455177,2.553918,8.892537,1.633228826,8.15348685,1.963876765,1.80777122,6.294513942,1.156068467,5.771382976,6.206279476,18.23883064,19.89203874,4.393067208,12.91021603,14.08042668,180000
116,12/29/2025 9:30,27.12.2025,31S4S,30min,118,10,0.14,5.252458664,5.0360195,14.90338,2.718052507,13.64541167,3.71791248,3.564707682,10.54924294,1.923952569,9.658799731,11.74941541,30.52391658,33.3379116,8.316733358,21.60611966,23.59798439,180000
117,12/29/2025 10:00,27.12.2025,31S4S,30min,118,10,0.14,5.316203233,5.2080615,14.14744,2.536161416,12.69372223,3.763033583,3.686486289,10.01415663,1.795202358,8.985153683,11.89200795,28.39504795,31.64692198,8.417666391,20.09921636,22.40103039,180000
118,12/29/2025 10:30,27.12.2025,31S4S,30min,118,10,0.14,3.963400203,3.6053245,11.74501,2.283771847,10.42358306,2.80546236,2.552001227,8.313615023,1.616550342,7.378253122,8.865873755,23.31689123,26.27283912,6.275640569,16.50468218,18.59702716,180000
119,12/29/2025 11:00,27.12.2025,31S4S,30min,118,10,0.14,2.893932537,2.7096605,8.968971,1.558077521,8.042894483,2.048447896,1.918012351,6.348617162,1.102873194,5.69310102,6.47354272,17.99144256,20.06301673,4.58224744,12.73510429,14.20145213,180000
120,12/29/2025 11:30,27.12.2025,31S4S,30min,118,10,0.14,5.349070544,5.2291165,13.62134,2.435864427,12.4641166,3.786298457,3.701389909,9.641760787,1.724207906,8.822629101,11.96553003,27.88143477,30.47006979,8.46970843,19.73565923,21.56800462,180000
121,12/29/2025 12:00,27.12.2025,31S4S,30min,118,10,0.14,5.775728097,5.793427,12.99215,2.520080829,11.55885537,4.088304725,4.100832757,9.196393483,1.783819838,8.181846897,12.91993579,25.85642306,29.06261185,9.145277213,18.30227026,20.57174634,180000
122,12/29/2025 12:30,27.12.2025,31S4S,30min,118,10,0.14,3.961555843,3.676521,14.03798,2.286676327,11.51191648,2.804156844,2.602397122,9.936676208,1.618606256,8.14862157,8.861748038,25.75142377,31.40206693,6.272720212,18.22794732,22.22771163,180000
123,12/29/2025 13:00,27.12.2025,31S4S,30min,118,10,0.14,4.746556631,4.625904,13.51796,2.432020063,12.39966953,3.359813616,3.274410579,9.568584049,1.721486702,8.77701074,10.61774479,27.73727079,30.23881532,7.515689012,19.63361386,21.40431292,180000
124,12/29/2025 13:30,27.12.2025,31S4S,30min,118,10,0.14,5.887842584,5.7324945,14.58869,2.913424964,12.807028,4.167664102,4.057702156,10.32649205,2.06224546,9.065356299,13.17072876,28.64850573,32.63397011,9.322799084,20.27862451,23.09970483,180000
125,12/29/2025 14:00,27.12.2025,31S4S,30min,118,10,0.14,4.333106415,4.045823,12.36681,2.230298825,11.08251628,3.067156059,2.863804703,8.753751372,1.578699875,7.844673937,9.692882996,24.79088287,27.66376611,6.861032702,17.54803583,19.58158414,180000
126,12/29/2025 14:30,27.12.2025,31S4S,30min,118,10,0.14,4.925401466,4.7654025,14.3296,2.358360091,11.87519668,3.486407557,3.373153519,10.14309718,1.669347058,8.405766661,11.01780929,26.56405842,32.05440229,7.798871594,18.80316451,22.6894622,180000
127,12/29/2025 15:00,27.12.2025,31S4S,30min,118,10,0.14,4.925183209,4.647423,14.52041,2.584201629,12.96677213,3.486253065,3.289642637,10.27816057,1.829207253,9.178429956,11.01732106,29.00584318,32.4812321,7.798526005,20.53156307,22.9915904,180000
128,12/29/2025 15:30,27.12.2025,31S4S,30min,118,10,0.14,4.972032726,4.9136535,14.47973,2.597484091,12.87492233,3.519415136,3.47809185,10.24936555,1.838609142,9.113414781,11.12212045,28.80038102,32.39023354,7.872707445,20.38612827,22.92717777,180000
129,12/29/2025 16:00,27.12.2025,31S4S,30min,118,10,0.14,4.809427593,4.6701565,12.81837,2.525774649,12.3554353,3.404316343,3.305734371,9.073384646,1.787850165,8.745699878,10.75838313,27.63832163,28.67387706,7.615238777,19.56357346,20.29658341,180000
130,12/29/2025 16:30,27.12.2025,31S4S,30min,118,10,0.14,4.548347491,4.3663665,12.35095,2.220718108,11.04070247,3.2195128,3.090698955,8.742524993,1.571918238,7.815076351,10.17436357,24.69734804,27.6282883,7.201845025,17.48182792,19.55647144,180000
131,12/29/2025 17:00,27.12.2025,31S4S,30min,118,10,0.14,4.726624417,4.554856,11.98753,2.080943132,11.06116433,3.345704752,3.224119798,8.485280941,1.472979596,7.829560126,10.5731577,24.74311993,26.81534091,7.484128382,17.5142272,18.98103288,180000
132,12/29/2025 17:30,27.12.2025,31S4S,30min,118,10,0.14,3.082551525,2.682078,11.55081,1.918921919,8.22720542,2.181960396,1.89848829,8.176152046,1.358294126,5.823564099,6.895471378,18.40373439,25.83842609,4.880906397,13.02694188,18.28953124,180000
133,12/29/2025 18:00,27.12.2025,31S4S,30min,118,10,0.14,2.856188327,2.580583,9.988503,1.70260428,8.387707107,2.021730947,1.826645835,7.070285049,1.205175349,5.937173984,6.389111326,18.76276643,22.34364486,4.522483327,13.28107996,15.81577722,180000
134,12/29/2025 18:30,27.12.2025,31S4S,30min,118,10,0.14,2.937827181,2.593943,11.3142,1.892594178,9.364607383,2.079518381,1.836102608,8.008669477,1.339658237,6.628665334,6.57173224,20.94803012,25.3091446,4.651750137,14.82790205,17.9148834,180000
135,12/29/2025 19:00,27.12.2025,31S4S,30min,118,10,0.14,3.692051764,3.600735,9.761628,1.934894478,9.229983687,2.613390454,2.548752584,6.909693324,1.369600179,6.533372985,8.258884583,20.64688548,21.83613994,5.845987951,14.61473914,15.45654376,180000
136,12/29/2025 19:30,27.12.2025,31S4S,30min,118,10,0.14,4.173307145,4.134579,10.26032,1.894405595,9.275424463,2.954043375,2.926629955,7.262688622,1.340940434,6.565537889,9.33542221,20.74853361,22.95168218,6.608006833,14.68668998,16.24617176,180000
137,12/29/2025 20:00,27.12.2025,31S4S,30min,118,10,0.14,2.725164342,2.584755,8.830547,1.626488788,8.092246367,1.928986626,1.829598953,6.250634798,1.151297583,5.728034371,6.096019019,18.10183958,19.75337106,4.315020191,12.81324797,13.98227183,180000
138,12/29/2025 20:30,27.12.2025,31S4S,30min,118,10,0.14,2.33861261,2.099327,9.654284,1.376477725,7.20334489,1.655368955,1.485992476,6.833710699,0.974329174,5.098832295,5.231327421,16.11342361,21.59601825,3.702954892,11.40576301,15.28657547,180000
139,12/29/2025 21:00,27.12.2025,31S4S,30min,118,10,0.14,2.344333287,2.1325845,8.433653,1.388745341,7.361727563,1.659418292,1.509533541,5.969696431,0.983012712,5.210942253,5.244124209,16.46771556,18.86554447,3.712013001,11.65654584,13.3538306,180000
140,12/29/2025 21:30,27.12.2025,31S4S,30min,118,10,0.14,2.48558332,2.1714685,8.338194,1.564201443,7.41827273,1.759401042,1.537057282,5.902126512,1.107207965,5.250967314,5.560091535,16.59420349,18.65200877,3.935668042,11.74607935,13.202681,180000
141,12/29/2025 22:00,27.12.2025,31S4S,30min,118,10,0.14,2.347183722,1.982219,8.37133,1.596696383,7.5450262,1.661435951,1.403098478,5.925581575,1.130209258,5.340688783,5.250500453,16.87774293,18.72613189,3.716526375,11.94678056,13.25514848,180000
142,12/29/2025 22:30,27.12.2025,31S4S,30min,118,10,0.14,2.304351735,2.034223,8.48524,1.465874943,7.316593693,1.631117658,1.43990911,6.006211893,1.037608308,5.17899459,5.154688026,16.36675397,18.9809413,3.648706286,11.58508095,13.43551336,180000
143,12/29/2025 23:00,27.12.2025,31S4S,30min,118,10,0.14,2.724325525,2.545203,7.934568,1.470293957,6.99805577,1.928392876,1.801602374,5.616422951,1.040736273,4.95351997,6.094142638,15.65420493,17.74912312,4.313692009,11.08070859,12.56358033,180000
144,12/29/2025 23:30,27.12.2025,31S4S,30min,118,10,0.14,2.628963074,2.4792545,7.642571,1.491778347,7.090090997,1.860891298,1.754921235,5.40973512,1.055943833,5.018666398,5.88082291,15.86008186,17.09594443,4.16269528,11.226437,12.10123282,180000
145,12/30/2025 0:00,27.12.2025,31S4S,30min,118,10,0.14,2.391885927,2.165711,9.244557,1.465425228,8.162561317,1.693078063,1.53298188,6.543688593,1.03728998,5.777806268,5.350496437,18.25912965,20.67948506,3.787307764,12.92458453,14.6378145,180000
146,12/30/2025 0:30,27.12.2025,31S4S,30min,118,10,0.14,2.265409612,2.103944,6.398689,1.200456149,6.06494455,1.603552776,1.489260584,4.52926281,0.849733655,4.293024367,5.067576978,13.56689457,14.31345965,3.5870454,9.60322201,10.13167236,180000
147,12/30/2025 1:00,27.12.2025,31S4S,30min,118,10,0.14,2.303514813,2.107097,6.451499,1.393425097,5.748381713,1.630525249,1.49149241,4.566643963,0.986325241,4.068947798,5.152815884,12.85876368,14.43159225,3.647381104,9.101976999,10.21529161,67125
